Country Code,Txn Code,Qtr,Year,Date,Volume
1,1,1,2017,1,6051
2,2,2,2017,2,12102
3,3,3,2017,3,18153
4,4,4,2017,4,24204
5,5,1,2017,5,22187
1,1,2,2017,6,8068
2,2,3,2017,7,14119
3,3,4,2017,8,20170
4,4,1,2017,9,18153
5,5,2,2017,10,24204
1,1,3,2017,11,10085
2,2,4,2017,12,16136
3,3,1,2017,13,14119
4,4,2,2017,14,20170
5,5,3,2017,15,26221
1,1,4,2017,16,12102
2,2,1,2017,17,10085
3,3,2,2017,18,16136
4,4,3,2017,19,22187
5,5,4,2017,20,28238
1,1,1,2017,21,6051
2,2,2,2017,22,12102
3,3,3,2017,23,18153
4,4,4,2017,24,24204
5,5,1,2017,25,22187
1,1,2,2017,26,8068
2,2,3,2017,27,14119
3,3,4,2017,28,20170
4,4,1,2017,29,18153
5,5,2,2017,30,24204
1,1,3,2017,1,10085
2,2,4,2017,2,16136
3,3,1,2017,3,14119
4,4,2,2017,4,20170
5,5,3,2017,5,26221
1,1,4,2017,6,12102
2,2,1,2017,7,10085
3,3,2,2017,8,16136
4,4,3,2017,9,22187
5,5,4,2017,10,28238
1,1,1,2017,11,6051
2,2,2,2017,12,12102
3,3,3,2017,13,18153
4,4,4,2017,14,24204
5,5,1,2017,15,22187
1,1,2,2017,16,8068
2,2,3,2017,17,14119
3,3,4,2017,18,20170
4,4,1,2017,19,18153
5,5,2,2017,20,24204
1,1,3,2017,21,10085
2,2,4,2017,22,16136
3,3,1,2017,23,14119
4,4,2,2017,24,20170
5,5,3,2017,25,26221
1,1,4,2017,26,12102
2,2,1,2017,27,10085
3,3,2,2017,28,16136
4,4,3,2017,29,22187
5,5,4,2017,30,28238
1,1,1,2017,1,6051
2,2,2,2017,2,12102
3,3,3,2017,3,18153
4,4,4,2017,4,24204
5,5,1,2017,5,22187
1,1,2,2017,6,8068
2,2,3,2017,7,14119
3,3,4,2017,8,20170
4,4,1,2017,9,18153
5,5,2,2017,10,24204
1,1,3,2017,11,10085
2,2,4,2017,12,16136
3,3,1,2017,13,14119
4,4,2,2017,14,20170
5,5,3,2017,15,26221
1,1,4,2017,16,12102
2,2,1,2017,17,10085
3,3,2,2017,18,16136
4,4,3,2017,19,22187
5,5,4,2017,20,28238
1,1,1,2017,21,6051
2,2,2,2017,22,12102
3,3,3,2017,23,18153
4,4,4,2017,24,24204
5,5,1,2017,25,22187
1,1,2,2017,26,8068
2,2,3,2017,27,14119
3,3,4,2017,28,20170
4,4,1,2017,29,18153
5,5,2,2017,30,24204
1,1,3,2017,1,10085
2,2,4,2017,2,16136
3,3,1,2017,3,14119
4,4,2,2017,4,20170
5,5,3,2017,5,26221
1,1,4,2017,6,12102
2,2,1,2017,7,10085
3,3,2,2017,8,16136
4,4,3,2017,9,22187
5,5,4,2017,10,28238
1,1,1,2017,11,6051
2,2,2,2017,12,12102
3,3,3,2017,13,18153
4,4,4,2017,14,24204
5,5,1,2017,15,22187
1,1,2,2017,16,8068
2,2,3,2017,17,14119
3,3,4,2017,18,20170
4,4,1,2017,19,18153
5,5,2,2017,20,24204
1,1,3,2017,21,10085
2,2,4,2017,22,16136
3,3,1,2017,23,14119
4,4,2,2017,24,20170
5,5,3,2017,25,26221
1,1,4,2017,26,12102
2,2,1,2017,27,10085
3,3,2,2017,28,16136
4,4,3,2017,29,22187
5,5,4,2017,30,28238
1,1,1,2017,1,6051
2,2,2,2017,2,12102
3,3,3,2017,3,18153
4,4,4,2017,4,24204
5,5,1,2017,5,22187
1,1,2,2017,6,8068
2,2,3,2017,7,14119
3,3,4,2017,8,20170
4,4,1,2017,9,18153
5,5,2,2017,10,24204
1,1,3,2017,11,10085
2,2,4,2017,12,16136
3,3,1,2017,13,14119
4,4,2,2017,14,20170
5,5,3,2017,15,26221
1,1,4,2017,16,12102
2,2,1,2017,17,10085
3,3,2,2017,18,16136
4,4,3,2017,19,22187
5,5,4,2017,20,28238
1,1,1,2017,21,6051
2,2,2,2017,22,12102
3,3,3,2017,23,18153
4,4,4,2017,24,24204
5,5,1,2017,25,22187
1,1,2,2017,26,8068
2,2,3,2017,27,14119
3,3,4,2017,28,20170
4,4,1,2017,29,18153
5,5,2,2017,30,24204
1,1,3,2017,1,10085
2,2,4,2017,2,16136
3,3,1,2017,3,14119
4,4,2,2017,4,20170
5,5,3,2017,5,26221
1,1,4,2017,6,12102
2,2,1,2017,7,10085
3,3,2,2017,8,16136
4,4,3,2017,9,22187
5,5,4,2017,10,28238
1,1,1,2017,11,6051
2,2,2,2017,12,12102
3,3,3,2017,13,18153
4,4,4,2017,14,24204
5,5,1,2017,15,22187
1,1,2,2017,16,8068
2,2,3,2017,17,14119
3,3,4,2017,18,20170
4,4,1,2017,19,18153
5,5,2,2017,20,24204
1,1,3,2017,21,10085
2,2,4,2017,22,16136
3,3,1,2017,23,14119
4,4,2,2017,24,20170
5,5,3,2017,25,26221
1,1,4,2017,26,12102
2,2,1,2017,27,10085
3,3,2,2017,28,16136
4,4,3,2017,29,22187
5,5,4,2017,30,28238
1,1,1,2017,1,6051
2,2,2,2017,2,12102
3,3,3,2017,3,18153
4,4,4,2017,4,24204
5,5,1,2017,5,22187
1,1,2,2017,6,8068
2,2,3,2017,7,14119
3,3,4,2017,8,20170
4,4,1,2017,9,18153
5,5,2,2017,10,24204
1,1,3,2017,11,10085
2,2,4,2017,12,16136
3,3,1,2017,13,14119
4,4,2,2017,14,20170
5,5,3,2017,15,26221
1,1,4,2017,16,12102
2,2,1,2017,17,10085
3,3,2,2017,18,16136
4,4,3,2017,19,22187
5,5,4,2017,20,28238
1,1,1,2017,21,6051
2,2,2,2017,22,12102
3,3,3,2017,23,18153
4,4,4,2017,24,24204
5,5,1,2017,25,22187
1,1,2,2017,26,8068
2,2,3,2017,27,14119
3,3,4,2017,28,20170
4,4,1,2017,29,18153
5,5,2,2017,30,24204
1,1,3,2017,1,10085
2,2,1,2017,2,10085
3,3,2,2017,3,16136
4,4,3,2017,4,22187
5,5,4,2017,5,28238
1,1,1,2017,6,6051
2,2,2,2017,7,12102
3,3,3,2017,8,18153
4,4,4,2017,9,24204
5,5,1,2017,10,22187
1,1,2,2017,11,8068
2,2,3,2017,12,14119
3,3,4,2017,13,20170
4,4,1,2017,14,18153
5,5,2,2017,15,24204
1,1,3,2017,16,10085
2,2,4,2017,17,16136
3,3,1,2017,18,14119
4,4,2,2017,19,20170
5,5,3,2017,20,26221
1,1,4,2017,21,12102
2,2,1,2017,22,10085
3,3,2,2017,23,16136
4,4,3,2017,24,22187
5,5,4,2017,25,28238
1,1,1,2017,26,6051
2,2,2,2017,27,12102
3,3,3,2017,28,18153
4,4,4,2017,29,24204
5,5,1,2017,30,22187
1,1,2,2017,1,8068
2,2,3,2017,2,14119
3,3,4,2017,3,20170
4,4,1,2017,4,18153
5,5,2,2017,5,24204
1,1,3,2017,6,10085
2,2,4,2017,7,16136
3,3,1,2017,8,14119
4,4,2,2017,9,20170
5,5,3,2017,10,26221
1,1,4,2017,11,12102
2,2,1,2017,12,10085
3,3,2,2017,13,16136
4,4,3,2017,14,22187
5,5,4,2017,15,28238
1,1,1,2017,16,6051
2,2,2,2017,17,12102
3,3,3,2017,18,18153
4,4,4,2017,19,24204
5,5,1,2017,20,22187
1,1,2,2017,21,8068
2,2,3,2017,22,14119
3,3,4,2017,23,20170
4,4,1,2017,24,18153
5,5,2,2017,25,24204
1,1,3,2017,26,10085
2,2,4,2017,27,16136
3,3,1,2017,28,14119
4,4,2,2017,29,20170
5,5,3,2017,30,26221
1,1,4,2017,1,12102
2,2,1,2017,2,10085
3,3,2,2017,3,16136
4,4,3,2017,4,22187
5,5,4,2017,5,28238
1,1,1,2017,6,6051
2,2,2,2017,7,12102
3,3,3,2017,8,18153
4,4,4,2017,9,24204
5,5,1,2017,10,22187
1,1,2,2017,11,8068
2,2,3,2017,12,14119
3,3,4,2017,13,20170
4,4,1,2017,14,18153
5,5,2,2017,15,24204
1,1,3,2017,16,10085
2,2,4,2017,17,16136
3,3,1,2017,18,14119
4,4,2,2017,19,20170
5,5,3,2017,20,26221
1,1,4,2017,21,12102
2,2,1,2017,22,10085
3,3,2,2017,23,16136
4,4,3,2017,24,22187
5,5,4,2017,25,28238
1,1,1,2017,26,6051
2,2,2,2017,27,12102
3,3,3,2017,28,18153
4,4,4,2017,29,24204
5,5,1,2017,30,22187
1,1,2,2017,1,8068
2,2,3,2017,2,14119
3,3,4,2017,3,20170
4,4,1,2017,4,18153
5,5,2,2017,5,24204
1,1,3,2017,6,10085
2,2,4,2017,7,16136
3,3,1,2017,8,14119
4,4,2,2017,9,20170
5,5,3,2017,10,26221
1,1,4,2017,11,12102
2,2,1,2017,12,10085
3,3,2,2017,13,16136
4,4,3,2017,14,22187
5,5,4,2017,15,28238
1,1,1,2017,16,6051
2,2,2,2017,17,12102
3,3,3,2017,18,18153
4,4,4,2017,19,24204
5,5,1,2017,20,22187
1,1,2,2017,21,8068
2,2,3,2017,22,14119
3,3,4,2017,23,20170
4,4,1,2017,24,18153
5,5,2,2017,25,24204
1,1,3,2017,26,10085
2,2,4,2017,27,16136
3,3,1,2017,28,14119
4,4,2,2017,29,20170
5,5,3,2017,30,26221
1,1,4,2017,1,12102
2,2,1,2017,2,10085
3,3,2,2017,3,16136
4,4,3,2017,4,22187
5,5,4,2017,5,28238
1,1,1,2017,6,6051
2,2,2,2017,7,12102
3,3,3,2017,8,18153
4,4,4,2017,9,24204
5,5,1,2017,10,22187
1,1,2,2017,11,8068
2,2,3,2017,12,14119
3,3,4,2017,13,20170
4,4,1,2017,14,18153
5,5,2,2017,15,24204
1,1,3,2017,16,10085
2,2,4,2017,17,16136
3,3,1,2017,18,14119
4,4,2,2017,19,20170
5,5,3,2017,20,26221
1,1,4,2017,21,12102
2,2,1,2017,22,10085
3,3,2,2017,23,16136
4,4,3,2017,24,22187
5,5,4,2017,25,28238
1,1,1,2017,26,6051
2,2,2,2017,27,12102
3,3,3,2017,28,18153
4,4,4,2017,29,24204
5,5,1,2017,30,22187
1,1,2,2017,1,8068
2,2,3,2017,2,14119
3,3,4,2017,3,20170
4,4,1,2017,4,18153
5,5,2,2017,5,24204
1,1,3,2017,6,10085
2,2,4,2017,7,16136
3,3,1,2017,8,14119
4,4,2,2017,9,20170
5,5,3,2017,10,26221
1,1,4,2017,11,12102
2,2,1,2017,12,10085
3,3,2,2017,13,16136
4,4,3,2017,14,22187
5,5,4,2017,15,28238
1,1,1,2017,16,6051
2,2,2,2017,17,12102
3,3,3,2017,18,18153
4,4,4,2017,19,24204
5,5,1,2017,20,22187
1,1,2,2017,21,8068
2,2,3,2017,22,14119
3,3,4,2017,23,20170
4,4,1,2017,24,18153
5,5,2,2017,25,24204
1,1,3,2017,26,10085
2,2,4,2017,27,16136
3,3,1,2017,28,14119
4,4,2,2017,29,20170
5,5,3,2017,30,26221
1,1,4,2017,1,12102
2,2,1,2017,2,10085
3,3,2,2017,3,16136
4,4,3,2017,4,22187
5,5,4,2017,5,28238
1,1,1,2017,6,6051
2,2,2,2017,7,12102
3,3,3,2017,8,18153
4,4,4,2017,9,24204
5,5,1,2017,10,22187
1,1,2,2017,11,8068
2,2,3,2017,12,14119
3,3,4,2017,13,20170
4,4,1,2017,14,18153
5,5,2,2017,15,24204
1,1,3,2017,16,10085
2,2,4,2017,17,16136
3,3,1,2017,18,14119
4,4,2,2017,19,20170
5,5,3,2017,20,26221
1,1,4,2017,21,12102
2,2,1,2017,22,10085
3,3,2,2017,23,16136
4,4,3,2017,24,22187
5,5,4,2017,25,28238
1,1,1,2017,26,6051
2,2,2,2017,27,12102
3,3,3,2017,28,18153
4,4,4,2017,29,24204
5,5,1,2017,30,22187
1,1,2,2017,1,8068
2,2,3,2017,2,14119
3,3,4,2017,3,20170
4,4,1,2017,4,18153
5,5,2,2017,5,24204
1,1,3,2017,6,10085
2,2,4,2017,7,16136
3,3,1,2017,8,14119
4,4,2,2017,9,20170
5,5,3,2017,10,26221
1,1,4,2017,11,12102
2,2,1,2017,12,10085
3,3,2,2017,13,16136
4,4,3,2017,14,22187
5,5,4,2017,15,28238
1,1,1,2017,16,6051
2,2,2,2017,17,12102
3,3,3,2017,18,18153
4,4,4,2017,19,24204
5,5,1,2017,20,22187
1,1,2,2017,21,8068
2,2,3,2017,22,14119
3,3,4,2017,23,20170
4,4,1,2017,24,18153
5,5,2,2017,25,24204
1,1,3,2017,26,10085
2,2,4,2017,27,16136
3,3,1,2017,28,14119
4,4,2,2017,29,20170
5,5,3,2017,30,26221
1,1,4,2017,1,12102
2,2,1,2017,2,10085
3,3,2,2017,3,16136
4,4,3,2017,4,22187
5,5,4,2017,5,28238
1,1,1,2017,6,6051
2,2,2,2017,7,12102
3,3,3,2017,8,18153
4,4,4,2017,9,24204
5,5,1,2017,10,22187
1,1,2,2017,11,8068
2,2,3,2017,12,14119
3,3,4,2017,13,20170
4,4,1,2017,14,18153
5,5,2,2017,15,24204
1,1,3,2017,16,10085
2,2,4,2017,17,16136
3,3,1,2017,18,14119
4,4,2,2017,19,20170
5,5,3,2017,20,26221
1,1,4,2017,21,12102
2,2,1,2017,22,10085
3,3,2,2017,23,16136
4,4,3,2017,24,22187
5,5,4,2017,25,28238
1,1,1,2017,26,6051
2,2,2,2017,27,12102
3,3,3,2017,28,18153
4,4,4,2017,29,24204
5,5,1,2017,30,22187
1,1,2,2017,1,8068
2,2,3,2017,2,14119
3,3,4,2017,3,20170
4,4,1,2017,4,18153
5,5,2,2017,5,24204
1,1,3,2017,6,10085
2,2,4,2017,7,16136
3,3,1,2017,8,14119
4,4,2,2017,9,20170
5,5,3,2017,10,26221
1,1,4,2017,11,12102
2,2,1,2017,12,10085
3,3,2,2017,13,16136
4,4,3,2017,14,22187
5,5,4,2017,15,28238
1,1,1,2017,16,6051
2,2,2,2017,17,12102
3,3,3,2017,18,18153
4,4,4,2017,19,24204
5,5,1,2018,20,22198
1,1,2,2018,21,8072
2,2,3,2018,22,14126
3,3,4,2018,23,20180
4,4,1,2018,24,18162
5,5,2,2018,25,24216
1,1,3,2018,26,10090
2,2,4,2018,27,16144
3,3,1,2018,28,14126
4,4,2,2018,29,20180
5,5,3,2018,30,26234
1,1,4,2018,1,12108
2,2,1,2018,2,10090
3,3,2,2018,3,16144
4,4,3,2018,4,22198
5,5,4,2018,5,28252
1,1,1,2018,6,6054
2,2,2,2018,7,12108
3,3,3,2018,8,18162
4,4,4,2018,9,24216
5,5,1,2018,10,22198
1,1,2,2018,11,8072
2,2,3,2018,12,14126
3,3,1,2018,13,14126
4,4,2,2018,14,20180
5,5,3,2018,15,26234
1,1,4,2018,16,12108
2,2,1,2018,17,10090
3,3,2,2018,18,16144
4,4,3,2018,19,22198
5,5,4,2018,20,28252
1,1,1,2018,21,6054
2,2,2,2018,22,12108
3,3,3,2018,23,18162
4,4,4,2018,24,24216
5,5,1,2018,25,22198
1,1,2,2018,26,8072
2,2,3,2018,27,14126
3,3,4,2018,28,20180
4,4,1,2018,29,18162
5,5,2,2018,30,24216
1,1,3,2018,1,10090
2,2,4,2018,2,16144
3,3,1,2018,3,14126
4,4,2,2018,4,20180
5,5,3,2018,5,26234
1,1,4,2018,6,12108
2,2,1,2018,7,10090
3,3,2,2018,8,16144
4,4,3,2018,9,22198
5,5,4,2018,10,28252
1,1,1,2018,11,6054
2,2,2,2018,12,12108
3,3,3,2018,13,18162
4,4,4,2018,14,24216
5,5,1,2018,15,22198
1,1,2,2018,16,8072
2,2,3,2018,17,14126
3,3,4,2018,18,20180
4,4,1,2018,19,18162
5,5,2,2018,20,24216
1,1,3,2018,21,10090
2,2,4,2018,22,16144
3,3,1,2018,23,14126
4,4,2,2018,24,20180
5,5,3,2018,25,26234
1,1,4,2018,26,12108
2,2,1,2018,27,10090
3,3,2,2018,28,16144
4,4,3,2018,29,22198
5,5,4,2018,30,28252
1,1,1,2018,1,6054
2,2,2,2018,2,12108
3,3,3,2018,3,18162
4,4,4,2018,4,24216
5,5,1,2018,5,22198
1,1,2,2018,6,8072
2,2,3,2018,7,14126
3,3,4,2018,8,20180
4,4,1,2018,9,18162
5,5,2,2018,10,24216
1,1,3,2018,11,10090
2,2,4,2018,12,16144
3,3,1,2018,13,14126
4,4,2,2018,14,20180
5,5,3,2018,15,26234
1,1,4,2018,16,12108
2,2,1,2018,17,10090
3,3,2,2018,18,16144
4,4,3,2018,19,22198
5,5,4,2018,20,28252
1,1,1,2018,21,6054
2,2,2,2018,22,12108
3,3,3,2018,23,18162
4,4,4,2018,24,24216
5,5,1,2018,25,22198
1,1,2,2018,26,8072
2,2,3,2018,27,14126
3,3,4,2018,28,20180
4,4,1,2018,29,18162
5,5,2,2018,30,24216
1,1,3,2018,1,10090
2,2,4,2018,2,16144
3,3,1,2018,3,14126
4,4,2,2018,4,20180
5,5,3,2018,5,26234
1,1,4,2018,6,12108
2,2,1,2018,7,10090
3,3,2,2018,8,16144
4,4,3,2018,9,22198
5,5,4,2018,10,28252
1,1,1,2018,11,6054
2,2,2,2018,12,12108
3,3,3,2018,13,18162
4,4,4,2018,14,24216
5,5,1,2018,15,22198
1,1,2,2018,16,8072
2,2,3,2018,17,14126
3,3,4,2018,18,20180
4,4,1,2018,19,18162
5,5,2,2018,20,24216
1,1,3,2018,21,10090
2,2,4,2018,22,16144
3,3,1,2018,23,14126
4,4,2,2018,24,20180
5,5,3,2018,25,26234
1,1,4,2018,26,12108
2,2,1,2018,27,10090
3,3,2,2018,28,16144
4,4,3,2018,29,22198
5,5,4,2018,30,28252
1,1,1,2018,1,6054
2,2,2,2018,2,12108
3,3,3,2018,3,18162
4,4,4,2018,4,24216
5,5,1,2018,5,22198
1,1,2,2018,6,8072
2,2,3,2018,7,14126
3,3,4,2018,8,20180
4,4,1,2018,9,18162
5,5,2,2018,10,24216
1,1,3,2018,11,10090
2,2,4,2018,12,16144
3,3,1,2018,13,14126
4,4,2,2018,14,20180
5,5,3,2018,15,26234
1,1,4,2018,16,12108
2,2,1,2018,17,10090
3,3,2,2018,18,16144
4,4,3,2018,19,22198
5,5,4,2018,20,28252
1,1,1,2018,21,6054
2,2,2,2018,22,12108
3,3,3,2018,23,18162
4,4,4,2018,24,24216
5,5,1,2018,25,22198
1,1,2,2018,26,8072
2,2,3,2018,27,14126
3,3,4,2018,28,20180
4,4,1,2018,29,18162
5,5,2,2018,30,24216
1,1,3,2018,1,10090
2,2,4,2018,2,16144
3,3,1,2018,3,14126
4,4,2,2018,4,20180
5,5,3,2018,5,26234
1,1,4,2018,6,12108
2,2,1,2018,7,10090
3,3,2,2018,8,16144
4,4,3,2018,9,22198
5,5,4,2018,10,28252
1,1,1,2018,11,6054
2,2,2,2018,12,12108
3,3,3,2018,13,18162
4,4,4,2018,14,24216
5,5,1,2018,15,22198
1,1,2,2018,16,8072
2,2,3,2018,17,14126
3,3,4,2018,18,20180
4,4,1,2018,19,18162
5,5,2,2018,20,24216
1,1,3,2018,21,10090
2,2,4,2018,22,16144
3,3,1,2018,23,14126
4,4,2,2018,24,20180
5,5,3,2018,25,26234
1,1,4,2018,26,12108
2,2,1,2018,27,10090
3,3,2,2018,28,16144
4,4,3,2018,29,22198
5,5,4,2018,30,28252
1,1,1,2018,1,6054
2,2,2,2018,2,12108
3,3,3,2018,3,18162
4,4,4,2018,4,24216
5,5,1,2018,5,22198
1,1,2,2018,6,8072
2,2,3,2018,7,14126
3,3,4,2018,8,20180
4,4,1,2018,9,18162
5,5,2,2018,10,24216
1,1,3,2018,11,10090
2,2,4,2018,12,16144
3,3,1,2018,13,14126
4,4,2,2018,14,20180
5,5,3,2018,15,26234
1,1,4,2018,16,12108
2,2,1,2018,17,10090
3,3,2,2018,18,16144
4,4,3,2018,19,22198
5,5,4,2018,20,28252
1,1,1,2018,21,6054
2,2,2,2018,22,12108
3,3,3,2018,23,18162
4,4,4,2018,24,24216
5,5,1,2018,25,22198
1,1,2,2018,26,8072
2,2,3,2018,27,14126
3,3,4,2018,28,20180
4,4,1,2018,29,18162
5,5,2,2018,30,24216
1,1,3,2018,1,10090
2,2,4,2018,2,16144
3,3,1,2018,3,14126
4,4,2,2018,4,20180
5,5,3,2018,5,26234
1,1,4,2018,6,12108
2,2,1,2018,7,10090
3,3,2,2018,8,16144
4,4,3,2018,9,22198
5,5,4,2018,10,28252
1,1,1,2018,11,6054
2,2,2,2018,12,12108
3,3,3,2018,13,18162
4,4,4,2018,14,24216
5,5,1,2018,15,22198
1,1,2,2018,16,8072
2,2,3,2018,17,14126
3,3,4,2018,18,20180
4,4,1,2018,19,18162
5,5,2,2018,20,24216
1,1,3,2018,21,10090
2,2,4,2018,22,16144
3,3,1,2018,23,14126
4,4,2,2018,24,20180
5,5,3,2018,25,26234
1,1,4,2018,26,12108
2,2,1,2018,27,10090
3,3,2,2018,28,16144
4,4,3,2018,29,22198
5,5,4,2018,30,28252
1,1,1,2018,1,6054
2,2,2,2018,2,12108
3,3,3,2018,3,18162
4,4,4,2018,4,24216
5,5,1,2018,5,22198
1,1,2,2018,6,8072
2,2,3,2018,7,14126
3,3,4,2018,8,20180
4,4,1,2018,9,18162
5,5,2,2018,10,24216
1,1,3,2018,11,10090
2,2,4,2018,12,16144
3,3,1,2018,13,14126
4,4,2,2018,14,20180
5,5,3,2018,15,26234
1,1,4,2018,16,12108
2,2,1,2018,17,10090
3,3,2,2018,18,16144
4,4,3,2018,19,22198
5,5,4,2018,20,28252
1,1,1,2018,21,6054
2,2,2,2018,22,12108
3,3,3,2018,23,18162
4,4,4,2018,24,24216
5,5,1,2018,25,22198
1,1,2,2018,26,8072
2,2,3,2018,27,14126
3,3,4,2018,28,20180
4,4,1,2018,29,18162
5,5,2,2018,30,24216
1,1,3,2018,1,10090
2,2,4,2018,2,16144
3,3,1,2018,3,14126
4,4,2,2018,4,20180
5,5,3,2018,5,26234
1,1,4,2018,6,12108
2,2,1,2018,7,10090
3,3,2,2018,8,16144
4,4,3,2018,9,22198
5,5,4,2018,10,28252
1,1,1,2018,11,6054
2,2,2,2018,12,12108
3,3,3,2018,13,18162
4,4,4,2018,14,24216
5,5,1,2018,15,22198
1,1,2,2018,16,8072
2,2,3,2018,17,14126
3,3,4,2018,18,20180
4,4,1,2018,19,18162
5,5,2,2018,20,24216
1,1,3,2018,21,10090
2,2,4,2018,22,16144
3,3,1,2018,23,14126
4,4,2,2018,24,20180
5,5,3,2018,25,26234
1,1,4,2018,26,12108
2,2,1,2018,27,10090
3,3,2,2018,28,16144
4,4,3,2018,29,22198
5,5,4,2018,30,28252
1,1,1,2018,1,6054
2,2,2,2018,2,12108
3,3,3,2018,3,18162
4,4,4,2018,4,24216
5,5,1,2018,5,22198
1,1,2,2018,6,8072
2,2,3,2018,7,14126
3,3,4,2018,8,20180
4,4,1,2018,9,18162
5,5,2,2018,10,24216
1,1,3,2018,11,10090
2,2,4,2018,12,16144
3,3,1,2018,13,14126
4,4,2,2018,14,20180
5,5,3,2018,15,26234
1,1,4,2018,16,12108
2,2,1,2018,17,10090
3,3,2,2018,18,16144
4,4,3,2018,19,22198
5,5,4,2018,20,28252
1,1,1,2018,21,6054
2,2,2,2018,22,12108
3,3,3,2018,23,18162
4,4,1,2018,24,18162
5,5,2,2018,25,24216
1,1,3,2018,26,10090
2,2,4,2018,27,16144
3,3,1,2018,28,14126
4,4,2,2018,29,20180
5,5,3,2018,30,26234
1,1,4,2018,1,12108
2,2,1,2018,2,10090
3,3,2,2018,3,16144
4,4,3,2018,4,22198
5,5,4,2018,5,28252
1,1,1,2018,6,6054
2,2,2,2018,7,12108
3,3,3,2018,8,18162
4,4,4,2018,9,24216
5,5,1,2018,10,22198
1,1,2,2018,11,8072
2,2,3,2018,12,14126
3,3,4,2018,13,20180
4,4,1,2018,14,18162
5,5,2,2018,15,24216
1,1,3,2018,16,10090
2,2,4,2018,17,16144
3,3,1,2018,18,14126
4,4,2,2018,19,20180
5,5,3,2018,20,26234
1,1,4,2018,21,12108
2,2,1,2018,22,10090
3,3,2,2018,23,16144
4,4,3,2018,24,22198
5,5,4,2018,25,28252
1,1,1,2018,26,6054
2,2,2,2018,27,12108
3,3,3,2018,28,18162
4,4,4,2018,29,24216
5,5,1,2018,30,22198
1,1,2,2018,1,8072
2,2,3,2018,2,14126
3,3,4,2018,3,20180
4,4,1,2018,4,18162
5,5,2,2018,5,24216
1,1,3,2018,6,10090
2,2,4,2018,7,16144
3,3,1,2018,8,14126
4,4,2,2018,9,20180
5,5,3,2018,10,26234
1,1,4,2018,11,12108
2,2,1,2018,12,10090
3,3,2,2018,13,16144
4,4,3,2018,14,22198
5,5,4,2018,15,28252
1,1,1,2018,16,6054
2,2,2,2018,17,12108
3,3,3,2018,18,18162
4,4,4,2018,19,24216
5,5,1,2018,20,22198
1,1,2,2018,21,8072
2,2,3,2018,22,14126
3,3,4,2018,23,20180
4,4,1,2018,24,18162
5,5,2,2018,25,24216
1,1,3,2018,26,10090
2,2,4,2018,27,16144
3,3,1,2018,28,14126
4,4,2,2018,29,20180
5,5,3,2018,30,26234
1,1,4,2018,1,12108
2,2,1,2018,2,10090
3,3,2,2018,3,16144
4,4,3,2018,4,22198
5,5,4,2018,5,28252
1,1,1,2018,6,6054
2,2,2,2018,7,12108
3,3,3,2018,8,18162
4,4,4,2018,9,24216
5,5,1,2018,10,22198
1,1,2,2018,11,8072
2,2,3,2018,12,14126
3,3,4,2018,13,20180
4,4,1,2018,14,18162
5,5,2,2018,15,24216
1,1,3,2018,16,10090
2,2,4,2018,17,16144
3,3,1,2018,18,14126
4,4,2,2018,19,20180
5,5,3,2018,20,26234
1,1,4,2018,21,12108
2,2,1,2018,22,10090
3,3,2,2018,23,16144
4,4,3,2018,24,22198
5,5,4,2018,25,28252
1,1,1,2018,26,6054
2,2,2,2018,27,12108
3,3,3,2018,28,18162
4,4,4,2018,29,24216
5,5,1,2018,30,22198
1,1,2,2018,1,8072
2,2,3,2018,2,14126
3,3,4,2018,3,20180
4,4,1,2018,4,18162
5,5,2,2018,5,24216
1,1,3,2018,6,10090
2,2,4,2018,7,16144
3,3,1,2018,8,14126
4,4,2,2018,9,20180
5,5,3,2018,10,26234
1,1,4,2018,11,12108
2,2,1,2018,12,10090
3,3,2,2018,13,16144
4,4,3,2018,14,22198
5,5,4,2018,15,28252
1,1,1,2018,16,6054
2,2,2,2018,17,12108
3,3,3,2018,18,18162
4,4,4,2018,19,24216
5,5,1,2018,20,22198
1,1,2,2018,21,8072
2,2,3,2018,22,14126
3,3,4,2018,23,20180
4,4,1,2018,24,18162
5,5,2,2018,25,24216
1,1,3,2018,26,10090
2,2,4,2018,27,16144
3,3,1,2018,28,14126
4,4,2,2018,29,20180
5,5,3,2018,30,26234
1,1,4,2018,1,12108
2,2,1,2018,2,10090
3,3,2,2018,3,16144
4,4,3,2018,4,22198
5,5,4,2018,5,28252
1,1,1,2018,6,6054
2,2,2,2018,7,12108
3,3,3,2018,8,18162
4,4,4,2018,9,24216
5,5,1,2018,10,22198
1,1,2,2018,11,8072
2,2,3,2018,12,14126
3,3,4,2018,13,20180
4,4,1,2018,14,18162
5,5,2,2018,15,24216
1,1,3,2018,16,10090
2,2,4,2018,17,16144
3,3,1,2018,18,14126
4,4,2,2018,19,20180
5,5,3,2018,20,26234
1,1,4,2018,21,12108
2,2,1,2018,22,10090
3,3,2,2018,23,16144
4,4,3,2018,24,22198
5,5,4,2018,25,28252
1,1,1,2018,26,6054
2,2,2,2018,27,12108
3,3,3,2018,28,18162
4,4,4,2018,29,24216
5,5,1,2018,30,22198
1,1,2,2018,1,8072
2,2,3,2018,2,14126
3,3,4,2018,3,20180
4,4,1,2018,4,18162
5,5,2,2018,5,24216
1,1,3,2018,6,10090
2,2,4,2018,7,16144
3,3,1,2018,8,14126
4,4,2,2018,9,20180
5,5,3,2018,10,26234
1,1,4,2018,11,12108
